Location,Year,Month,Waste Type,Value,Latitude,Longitude
 College of Alice and Peter Tan,2021,July,Horticulture Waste ,1353.75,1.308133476,103.7732636
 College of Alice and Peter Tan,2021,July,Food Waste ,0,1.308133476,103.7732636
 College of Alice and Peter Tan,2021,July,Packaging Waste ,50,1.308133476,103.7732636
 College of Alice and Peter Tan,2021,July,Paper ,50,1.308133476,103.7732636
 College of Alice and Peter Tan,2021,July,Metal ,0,1.308133476,103.7732636
 College of Alice and Peter Tan,2021,July,Plastics ,0,1.308133476,103.7732636
 College of Alice and Peter Tan,2021,July,Glass ,0,1.308133476,103.7732636
 College of Alice and Peter Tan,2021,July,E-Waste ,0,1.308133476,103.7732636
 College of Alice and Peter Tan,2021,July,General Waste ,3480,1.308133476,103.7732636
 College of Alice and Peter Tan,2021,August,Horticulture Waste ,1299.6,1.308133476,103.7732636
 College of Alice and Peter Tan,2021,August,Food Waste ,3506,1.308133476,103.7732636
 College of Alice and Peter Tan,2021,August,Packaging Waste ,250,1.308133476,103.7732636
 College of Alice and Peter Tan,2021,August,Paper ,250,1.308133476,103.7732636
 College of Alice and Peter Tan,2021,August,Metal ,0,1.308133476,103.7732636
 College of Alice and Peter Tan,2021,August,Plastics ,0,1.308133476,103.7732636
 College of Alice and Peter Tan,2021,August,Glass ,0,1.308133476,103.7732636
 College of Alice and Peter Tan,2021,August,E-Waste ,0,1.308133476,103.7732636
 College of Alice and Peter Tan,2021,August,General Waste ,8740,1.308133476,103.7732636
 College of Alice and Peter Tan,2021,September,Horticulture Waste ,1353.75,1.308133476,103.7732636
 College of Alice and Peter Tan,2021,September,Food Waste ,3894,1.308133476,103.7732636
 College of Alice and Peter Tan,2021,September,Packaging Waste ,380,1.308133476,103.7732636
 College of Alice and Peter Tan,2021,September,Paper ,380,1.308133476,103.7732636
 College of Alice and Peter Tan,2021,September,Metal ,0,1.308133476,103.7732636
 College of Alice and Peter Tan,2021,September,Plastics ,0,1.308133476,103.7732636
 College of Alice and Peter Tan,2021,September,Glass ,0,1.308133476,103.7732636
 College of Alice and Peter Tan,2021,September,E-Waste ,0,1.308133476,103.7732636
 College of Alice and Peter Tan,2021,September,General Waste ,8289,1.308133476,103.7732636
 College of Alice and Peter Tan,2021,October,Horticulture Waste ,1407.9,1.308133476,103.7732636
 College of Alice and Peter Tan,2021,October,Food Waste ,3884,1.308133476,103.7732636
 College of Alice and Peter Tan,2021,October,Packaging Waste ,244,1.308133476,103.7732636
 College of Alice and Peter Tan,2021,October,Paper ,244,1.308133476,103.7732636
 College of Alice and Peter Tan,2021,October,Metal ,0,1.308133476,103.7732636
 College of Alice and Peter Tan,2021,October,Plastics ,0,1.308133476,103.7732636
 College of Alice and Peter Tan,2021,October,Glass ,0,1.308133476,103.7732636
 College of Alice and Peter Tan,2021,October,E-Waste ,0,1.308133476,103.7732636
 College of Alice and Peter Tan,2021,October,General Waste ,10757,1.308133476,103.7732636
 College of Alice and Peter Tan,2021,November,Horticulture Waste ,1299.6,1.308133476,103.7732636
 College of Alice and Peter Tan,2021,November,Food Waste ,3618,1.308133476,103.7732636
 College of Alice and Peter Tan,2021,November,Packaging Waste ,274,1.308133476,103.7732636
 College of Alice and Peter Tan,2021,November,Paper ,274,1.308133476,103.7732636
 College of Alice and Peter Tan,2021,November,Metal ,0,1.308133476,103.7732636
 College of Alice and Peter Tan,2021,November,Plastics ,0,1.308133476,103.7732636
 College of Alice and Peter Tan,2021,November,Glass ,0,1.308133476,103.7732636
 College of Alice and Peter Tan,2021,November,E-Waste ,0,1.308133476,103.7732636
 College of Alice and Peter Tan,2021,November,General Waste ,11070,1.308133476,103.7732636
 College of Alice and Peter Tan,2021,December,Horticulture Waste ,1245.45,1.308133476,103.7732636
 College of Alice and Peter Tan,2021,December,Food Waste ,628,1.308133476,103.7732636
 College of Alice and Peter Tan,2021,December,Packaging Waste ,128,1.308133476,103.7732636
 College of Alice and Peter Tan,2021,December,Paper ,128,1.308133476,103.7732636
 College of Alice and Peter Tan,2021,December,Metal ,0,1.308133476,103.7732636
 College of Alice and Peter Tan,2021,December,Plastics ,0,1.308133476,103.7732636
 College of Alice and Peter Tan,2021,December,Glass ,0,1.308133476,103.7732636
 College of Alice and Peter Tan,2021,December,E-Waste ,0,1.308133476,103.7732636
 College of Alice and Peter Tan,2021,December,General Waste ,5916,1.308133476,103.7732636
 College of Alice and Peter Tan,2022,January,Horticulture Waste ,1125,1.308133476,103.7732636
 College of Alice and Peter Tan,2022,January,Food Waste ,2336,1.308133476,103.7732636
 College of Alice and Peter Tan,2022,January,Packaging Waste ,124,1.308133476,103.7732636
 College of Alice and Peter Tan,2022,January,Paper ,124,1.308133476,103.7732636
 College of Alice and Peter Tan,2022,January,Metal ,0,1.308133476,103.7732636
 College of Alice and Peter Tan,2022,January,Plastics ,0,1.308133476,103.7732636
 College of Alice and Peter Tan,2022,January,Glass ,0,1.308133476,103.7732636
 College of Alice and Peter Tan,2022,January,E-Waste ,0,1.308133476,103.7732636
 College of Alice and Peter Tan,2022,January,General Waste ,8370,1.308133476,103.7732636
 College of Alice and Peter Tan,2022,February,Horticulture Waste ,1250,1.308133476,103.7732636
 College of Alice and Peter Tan,2022,February,Food Waste ,2912,1.308133476,103.7732636
 College of Alice and Peter Tan,2022,February,Packaging Waste ,154,1.308133476,103.7732636
 College of Alice and Peter Tan,2022,February,Paper ,154,1.308133476,103.7732636
 College of Alice and Peter Tan,2022,February,Metal ,0,1.308133476,103.7732636
 College of Alice and Peter Tan,2022,February,Plastics ,0,1.308133476,103.7732636
 College of Alice and Peter Tan,2022,February,Glass ,0,1.308133476,103.7732636
 College of Alice and Peter Tan,2022,February,E-Waste ,0,1.308133476,103.7732636
 College of Alice and Peter Tan,2022,February,General Waste ,8410.37037,1.308133476,103.7732636
 College of Alice and Peter Tan,2022,March,Horticulture Waste ,1875,1.308133476,103.7732636
 College of Alice and Peter Tan,2022,March,Food Waste ,3628,1.308133476,103.7732636
 College of Alice and Peter Tan,2022,March,Packaging Waste ,300,1.308133476,103.7732636
 College of Alice and Peter Tan,2022,March,Paper ,300,1.308133476,103.7732636
 College of Alice and Peter Tan,2022,March,Metal ,0,1.308133476,103.7732636
 College of Alice and Peter Tan,2022,March,Plastics ,0,1.308133476,103.7732636
 College of Alice and Peter Tan,2022,March,Glass ,0,1.308133476,103.7732636
 College of Alice and Peter Tan,2022,March,E-Waste ,0,1.308133476,103.7732636
 College of Alice and Peter Tan,2022,March,General Waste ,10110,1.308133476,103.7732636
 Stephan Riady Centre,2021,July,Horticulture Waste ,1353.75,1.304694841,103.7720144
 Stephan Riady Centre,2021,July,Food Waste ,1415,1.304694841,103.7720144
 Stephan Riady Centre,2021,July,Packaging Waste ,899,1.304694841,103.7720144
 Stephan Riady Centre,2021,July,Paper ,780,1.304694841,103.7720144
 Stephan Riady Centre,2021,July,Metal ,79,1.304694841,103.7720144
 Stephan Riady Centre,2021,July,Plastics ,40,1.304694841,103.7720144
 Stephan Riady Centre,2021,July,Glass ,0,1.304694841,103.7720144
 Stephan Riady Centre,2021,July,E-Waste ,0,1.304694841,103.7720144
 Stephan Riady Centre,2021,July,General Waste ,13360,1.304694841,103.7720144
 Stephan Riady Centre,2021,August,Horticulture Waste ,1299.6,1.304694841,103.7720144
 Stephan Riady Centre,2021,August,Food Waste ,3828,1.304694841,103.7720144
 Stephan Riady Centre,2021,August,Packaging Waste ,1580,1.304694841,103.7720144
 Stephan Riady Centre,2021,August,Paper ,1513,1.304694841,103.7720144
 Stephan Riady Centre,2021,August,Metal ,67,1.304694841,103.7720144
 Stephan Riady Centre,2021,August,Plastics ,0,1.304694841,103.7720144
 Stephan Riady Centre,2021,August,Glass ,0,1.304694841,103.7720144
 Stephan Riady Centre,2021,August,E-Waste ,0,1.304694841,103.7720144
 Stephan Riady Centre,2021,August,General Waste ,19800,1.304694841,103.7720144
 Stephan Riady Centre,2021,September,Horticulture Waste ,1353.75,1.304694841,103.7720144
 Stephan Riady Centre,2021,September,Food Waste ,5066,1.304694841,103.7720144
 Stephan Riady Centre,2021,September,Packaging Waste ,1579,1.304694841,103.7720144
 Stephan Riady Centre,2021,September,Paper ,1433,1.304694841,103.7720144
 Stephan Riady Centre,2021,September,Metal ,146,1.304694841,103.7720144
 Stephan Riady Centre,2021,September,Plastics ,0,1.304694841,103.7720144
 Stephan Riady Centre,2021,September,Glass ,0,1.304694841,103.7720144
 Stephan Riady Centre,2021,September,E-Waste ,0,1.304694841,103.7720144
 Stephan Riady Centre,2021,September,General Waste ,21254,1.304694841,103.7720144
 Stephan Riady Centre,2021,October,Horticulture Waste ,1407.9,1.304694841,103.7720144
 Stephan Riady Centre,2021,October,Food Waste ,4928,1.304694841,103.7720144
 Stephan Riady Centre,2021,October,Packaging Waste ,1743,1.304694841,103.7720144
 Stephan Riady Centre,2021,October,Paper ,1565,1.304694841,103.7720144
 Stephan Riady Centre,2021,October,Metal ,178,1.304694841,103.7720144
 Stephan Riady Centre,2021,October,Plastics ,0,1.304694841,103.7720144
 Stephan Riady Centre,2021,October,Glass ,0,1.304694841,103.7720144
 Stephan Riady Centre,2021,October,E-Waste ,0,1.304694841,103.7720144
 Stephan Riady Centre,2021,October,General Waste ,19216,1.304694841,103.7720144
 Stephan Riady Centre,2021,November,Horticulture Waste ,1299.6,1.304694841,103.7720144
 Stephan Riady Centre,2021,November,Food Waste ,5096,1.304694841,103.7720144
 Stephan Riady Centre,2021,November,Packaging Waste ,1158,1.304694841,103.7720144
 Stephan Riady Centre,2021,November,Paper ,1037,1.304694841,103.7720144
 Stephan Riady Centre,2021,November,Metal ,121,1.304694841,103.7720144
 Stephan Riady Centre,2021,November,Plastics ,0,1.304694841,103.7720144
 Stephan Riady Centre,2021,November,Glass ,0,1.304694841,103.7720144
 Stephan Riady Centre,2021,November,E-Waste ,0,1.304694841,103.7720144
 Stephan Riady Centre,2021,November,General Waste ,18492,1.304694841,103.7720144
 Stephan Riady Centre,2021,December,Horticulture Waste ,1245.45,1.304694841,103.7720144
 Stephan Riady Centre,2021,December,Food Waste ,5450,1.304694841,103.7720144
 Stephan Riady Centre,2021,December,Packaging Waste ,881,1.304694841,103.7720144
 Stephan Riady Centre,2021,December,Paper ,761,1.304694841,103.7720144
 Stephan Riady Centre,2021,December,Metal ,120,1.304694841,103.7720144
 Stephan Riady Centre,2021,December,Plastics ,0,1.304694841,103.7720144
 Stephan Riady Centre,2021,December,Glass ,0,1.304694841,103.7720144
 Stephan Riady Centre,2021,December,E-Waste ,0,1.304694841,103.7720144
 Stephan Riady Centre,2021,December,General Waste ,6830,1.304694841,103.7720144
 Stephan Riady Centre,2022,January,Horticulture Waste ,1125,1.304694841,103.7720144
 Stephan Riady Centre,2022,January,Food Waste ,6490,1.304694841,103.7720144
 Stephan Riady Centre,2022,January,Packaging Waste ,1081,1.304694841,103.7720144
 Stephan Riady Centre,2022,January,Paper ,942,1.304694841,103.7720144
 Stephan Riady Centre,2022,January,Metal ,139,1.304694841,103.7720144
 Stephan Riady Centre,2022,January,Plastics ,0,1.304694841,103.7720144
 Stephan Riady Centre,2022,January,Glass ,0,1.304694841,103.7720144
 Stephan Riady Centre,2022,January,E-Waste ,0,1.304694841,103.7720144
 Stephan Riady Centre,2022,January,General Waste ,8040,1.304694841,103.7720144
 Stephan Riady Centre,2022,February,Horticulture Waste ,1250,1.304694841,103.7720144
 Stephan Riady Centre,2022,February,Food Waste ,5165,1.304694841,103.7720144
 Stephan Riady Centre,2022,February,Packaging Waste ,875,1.304694841,103.7720144
 Stephan Riady Centre,2022,February,Paper ,737,1.304694841,103.7720144
 Stephan Riady Centre,2022,February,Metal ,138,1.304694841,103.7720144
 Stephan Riady Centre,2022,February,Plastics ,0,1.304694841,103.7720144
 Stephan Riady Centre,2022,February,Glass ,0,1.304694841,103.7720144
 Stephan Riady Centre,2022,February,E-Waste ,406.2,1.304694841,103.7720144
 Stephan Riady Centre,2022,February,General Waste ,15980,1.304694841,103.7720144
 Stephan Riady Centre,2022,March,Horticulture Waste ,1875,1.304694841,103.7720144
 Stephan Riady Centre,2022,March,Food Waste ,4038,1.304694841,103.7720144
 Stephan Riady Centre,2022,March,Packaging Waste ,1837,1.304694841,103.7720144
 Stephan Riady Centre,2022,March,Paper ,1624,1.304694841,103.7720144
 Stephan Riady Centre,2022,March,Metal ,186,1.304694841,103.7720144
 Stephan Riady Centre,2022,March,Plastics ,13,1.304694841,103.7720144
 Stephan Riady Centre,2022,March,Glass ,14,1.304694841,103.7720144
 Stephan Riady Centre,2022,March,E-Waste ,0,1.304694841,103.7720144
 Stephan Riady Centre,2022,March,General Waste ,23260,1.304694841,103.7720144
 Tembusu / Cinnamon College,2021,July,Horticulture Waste ,1353.75,1.306862386,103.7735698
 Tembusu / Cinnamon College,2021,July,Food Waste ,0,1.306862386,103.7735698
 Tembusu / Cinnamon College,2021,July,Packaging Waste ,110,1.306862386,103.7735698
 Tembusu / Cinnamon College,2021,July,Paper ,30,1.306862386,103.7735698
 Tembusu / Cinnamon College,2021,July,Metal ,0,1.306862386,103.7735698
 Tembusu / Cinnamon College,2021,July,Plastics ,0,1.306862386,103.7735698
 Tembusu / Cinnamon College,2021,July,Glass ,80,1.306862386,103.7735698
 Tembusu / Cinnamon College,2021,July,E-Waste ,0,1.306862386,103.7735698
 Tembusu / Cinnamon College,2021,July,General Waste ,3725,1.306862386,103.7735698
 Tembusu / Cinnamon College,2021,August,Horticulture Waste ,1299.6,1.306862386,103.7735698
 Tembusu / Cinnamon College,2021,August,Food Waste ,2340,1.306862386,103.7735698
 Tembusu / Cinnamon College,2021,August,Packaging Waste ,164,1.306862386,103.7735698
 Tembusu / Cinnamon College,2021,August,Paper ,164,1.306862386,103.7735698
 Tembusu / Cinnamon College,2021,August,Metal ,0,1.306862386,103.7735698
 Tembusu / Cinnamon College,2021,August,Plastics ,0,1.306862386,103.7735698
 Tembusu / Cinnamon College,2021,August,Glass ,0,1.306862386,103.7735698
 Tembusu / Cinnamon College,2021,August,E-Waste ,0,1.306862386,103.7735698
 Tembusu / Cinnamon College,2021,August,General Waste ,10120,1.306862386,103.7735698
 Tembusu / Cinnamon College,2021,September,Horticulture Waste ,1353.75,1.306862386,103.7735698
 Tembusu / Cinnamon College,2021,September,Food Waste ,2912,1.306862386,103.7735698
 Tembusu / Cinnamon College,2021,September,Packaging Waste ,412,1.306862386,103.7735698
 Tembusu / Cinnamon College,2021,September,Paper ,306,1.306862386,103.7735698
 Tembusu / Cinnamon College,2021,September,Metal ,0,1.306862386,103.7735698
 Tembusu / Cinnamon College,2021,September,Plastics ,0,1.306862386,103.7735698
 Tembusu / Cinnamon College,2021,September,Glass ,106,1.306862386,103.7735698
 Tembusu / Cinnamon College,2021,September,E-Waste ,0,1.306862386,103.7735698
 Tembusu / Cinnamon College,2021,September,General Waste ,9345,1.306862386,103.7735698
 Tembusu / Cinnamon College,2021,October,Horticulture Waste ,1407.9,1.306862386,103.7735698
 Tembusu / Cinnamon College,2021,October,Food Waste ,3860,1.306862386,103.7735698
 Tembusu / Cinnamon College,2021,October,Packaging Waste ,384,1.306862386,103.7735698
 Tembusu / Cinnamon College,2021,October,Paper ,304,1.306862386,103.7735698
 Tembusu / Cinnamon College,2021,October,Metal ,0,1.306862386,103.7735698
 Tembusu / Cinnamon College,2021,October,Plastics ,0,1.306862386,103.7735698
 Tembusu / Cinnamon College,2021,October,Glass ,80,1.306862386,103.7735698
 Tembusu / Cinnamon College,2021,October,E-Waste ,0,1.306862386,103.7735698
 Tembusu / Cinnamon College,2021,October,General Waste ,8647,1.306862386,103.7735698
 Tembusu / Cinnamon College,2021,November,Horticulture Waste ,1299.6,1.306862386,103.7735698
 Tembusu / Cinnamon College,2021,November,Food Waste ,3559,1.306862386,103.7735698
 Tembusu / Cinnamon College,2021,November,Packaging Waste ,276,1.306862386,103.7735698
 Tembusu / Cinnamon College,2021,November,Paper ,276,1.306862386,103.7735698
 Tembusu / Cinnamon College,2021,November,Metal ,0,1.306862386,103.7735698
 Tembusu / Cinnamon College,2021,November,Plastics ,0,1.306862386,103.7735698
 Tembusu / Cinnamon College,2021,November,Glass ,0,1.306862386,103.7735698
 Tembusu / Cinnamon College,2021,November,E-Waste ,0,1.306862386,103.7735698
 Tembusu / Cinnamon College,2021,November,General Waste ,10160,1.306862386,103.7735698
 Tembusu / Cinnamon College,2021,December,Horticulture Waste ,1245.45,1.306862386,103.7735698
 Tembusu / Cinnamon College,2021,December,Food Waste ,626,1.306862386,103.7735698
 Tembusu / Cinnamon College,2021,December,Packaging Waste ,122,1.306862386,103.7735698
 Tembusu / Cinnamon College,2021,December,Paper ,122,1.306862386,103.7735698
 Tembusu / Cinnamon College,2021,December,Metal ,0,1.306862386,103.7735698
 Tembusu / Cinnamon College,2021,December,Plastics ,0,1.306862386,103.7735698
 Tembusu / Cinnamon College,2021,December,Glass ,0,1.306862386,103.7735698
 Tembusu / Cinnamon College,2021,December,E-Waste ,0,1.306862386,103.7735698
 Tembusu / Cinnamon College,2021,December,General Waste ,5846,1.306862386,103.7735698
 Tembusu / Cinnamon College,2022,January,Horticulture Waste ,1125,1.306862386,103.7735698
 Tembusu / Cinnamon College,2022,January,Food Waste ,3108,1.306862386,103.7735698
 Tembusu / Cinnamon College,2022,January,Packaging Waste ,133,1.306862386,103.7735698
 Tembusu / Cinnamon College,2022,January,Paper ,133,1.306862386,103.7735698
 Tembusu / Cinnamon College,2022,January,Metal ,0,1.306862386,103.7735698
 Tembusu / Cinnamon College,2022,January,Plastics ,0,1.306862386,103.7735698
 Tembusu / Cinnamon College,2022,January,Glass ,0,1.306862386,103.7735698
 Tembusu / Cinnamon College,2022,January,E-Waste ,0,1.306862386,103.7735698
 Tembusu / Cinnamon College,2022,January,General Waste ,7380,1.306862386,103.7735698
 Tembusu / Cinnamon College,2022,February,Horticulture Waste ,1250,1.306862386,103.7735698
 Tembusu / Cinnamon College,2022,February,Food Waste ,4166,1.306862386,103.7735698
 Tembusu / Cinnamon College,2022,February,Packaging Waste ,149,1.306862386,103.7735698
 Tembusu / Cinnamon College,2022,February,Paper ,149,1.306862386,103.7735698
 Tembusu / Cinnamon College,2022,February,Metal ,0,1.306862386,103.7735698
 Tembusu / Cinnamon College,2022,February,Plastics ,0,1.306862386,103.7735698
 Tembusu / Cinnamon College,2022,February,Glass ,0,1.306862386,103.7735698
 Tembusu / Cinnamon College,2022,February,E-Waste ,0,1.306862386,103.7735698
 Tembusu / Cinnamon College,2022,February,General Waste ,7470,1.306862386,103.7735698
 Tembusu / Cinnamon College,2022,March,Horticulture Waste ,1875,1.306862386,103.7735698
 Tembusu / Cinnamon College,2022,March,Food Waste ,4649,1.306862386,103.7735698
 Tembusu / Cinnamon College,2022,March,Packaging Waste ,285,1.306862386,103.7735698
 Tembusu / Cinnamon College,2022,March,Paper ,285,1.306862386,103.7735698
 Tembusu / Cinnamon College,2022,March,Metal ,0,1.306862386,103.7735698
 Tembusu / Cinnamon College,2022,March,Plastics ,0,1.306862386,103.7735698
 Tembusu / Cinnamon College,2022,March,Glass ,0,1.306862386,103.7735698
 Tembusu / Cinnamon College,2022,March,E-Waste ,195.75,1.306862386,103.7735698
 Tembusu / Cinnamon College,2022,March,General Waste ,10010,1.306862386,103.7735698
" UTown Residences, North Tower",2021,July,Horticulture Waste ,1353.75,1.305386703,103.7739541
" UTown Residences, North Tower",2021,July,Food Waste ,0,1.305386703,103.7739541
" UTown Residences, North Tower",2021,July,Packaging Waste ,60,1.305386703,103.7739541
" UTown Residences, North Tower",2021,July,Paper ,60,1.305386703,103.7739541
" UTown Residences, North Tower",2021,July,Metal ,0,1.305386703,103.7739541
" UTown Residences, North Tower",2021,July,Plastics ,0,1.305386703,103.7739541
" UTown Residences, North Tower",2021,July,Glass ,0,1.305386703,103.7739541
" UTown Residences, North Tower",2021,July,E-Waste ,0,1.305386703,103.7739541
" UTown Residences, North Tower",2021,July,General Waste ,3955,1.305386703,103.7739541
" UTown Residences, North Tower",2021,August,Horticulture Waste ,1299.6,1.305386703,103.7739541
" UTown Residences, North Tower",2021,August,Food Waste ,0,1.305386703,103.7739541
" UTown Residences, North Tower",2021,August,Packaging Waste ,78,1.305386703,103.7739541
" UTown Residences, North Tower",2021,August,Paper ,78,1.305386703,103.7739541
" UTown Residences, North Tower",2021,August,Metal ,0,1.305386703,103.7739541
" UTown Residences, North Tower",2021,August,Plastics ,0,1.305386703,103.7739541
" UTown Residences, North Tower",2021,August,Glass ,0,1.305386703,103.7739541
" UTown Residences, North Tower",2021,August,E-Waste ,0,1.305386703,103.7739541
" UTown Residences, North Tower",2021,August,General Waste ,8310,1.305386703,103.7739541
" UTown Residences, North Tower",2021,September,Horticulture Waste ,1353.75,1.305386703,103.7739541
" UTown Residences, North Tower",2021,September,Food Waste ,0,1.305386703,103.7739541
" UTown Residences, North Tower",2021,September,Packaging Waste ,14,1.305386703,103.7739541
" UTown Residences, North Tower",2021,September,Paper ,14,1.305386703,103.7739541
" UTown Residences, North Tower",2021,September,Metal ,0,1.305386703,103.7739541
" UTown Residences, North Tower",2021,September,Plastics ,0,1.305386703,103.7739541
" UTown Residences, North Tower",2021,September,Glass ,0,1.305386703,103.7739541
" UTown Residences, North Tower",2021,September,E-Waste ,0,1.305386703,103.7739541
" UTown Residences, North Tower",2021,September,General Waste ,8186,1.305386703,103.7739541
" UTown Residences, North Tower",2021,October,Horticulture Waste ,1407.9,1.305386703,103.7739541
" UTown Residences, North Tower",2021,October,Food Waste ,0,1.305386703,103.7739541
" UTown Residences, North Tower",2021,October,Packaging Waste ,0,1.305386703,103.7739541
" UTown Residences, North Tower",2021,October,Paper ,0,1.305386703,103.7739541
" UTown Residences, North Tower",2021,October,Metal ,0,1.305386703,103.7739541
" UTown Residences, North Tower",2021,October,Plastics ,0,1.305386703,103.7739541
" UTown Residences, North Tower",2021,October,Glass ,0,1.305386703,103.7739541
" UTown Residences, North Tower",2021,October,E-Waste ,0,1.305386703,103.7739541
" UTown Residences, North Tower",2021,October,General Waste ,9644,1.305386703,103.7739541
" UTown Residences, North Tower",2021,November,Horticulture Waste ,1299.6,1.305386703,103.7739541
" UTown Residences, North Tower",2021,November,Food Waste ,0,1.305386703,103.7739541
" UTown Residences, North Tower",2021,November,Packaging Waste ,0,1.305386703,103.7739541
" UTown Residences, North Tower",2021,November,Paper ,0,1.305386703,103.7739541
" UTown Residences, North Tower",2021,November,Metal ,0,1.305386703,103.7739541
" UTown Residences, North Tower",2021,November,Plastics ,0,1.305386703,103.7739541
" UTown Residences, North Tower",2021,November,Glass ,0,1.305386703,103.7739541
" UTown Residences, North Tower",2021,November,E-Waste ,0,1.305386703,103.7739541
" UTown Residences, North Tower",2021,November,General Waste ,10020,1.305386703,103.7739541
" UTown Residences, North Tower",2021,December,Horticulture Waste ,1245.45,1.305386703,103.7739541
" UTown Residences, North Tower",2021,December,Food Waste ,0,1.305386703,103.7739541
" UTown Residences, North Tower",2021,December,Packaging Waste ,0,1.305386703,103.7739541
" UTown Residences, North Tower",2021,December,Paper ,0,1.305386703,103.7739541
" UTown Residences, North Tower",2021,December,Metal ,0,1.305386703,103.7739541
" UTown Residences, North Tower",2021,December,Plastics ,0,1.305386703,103.7739541
" UTown Residences, North Tower",2021,December,Glass ,0,1.305386703,103.7739541
" UTown Residences, North Tower",2021,December,E-Waste ,0,1.305386703,103.7739541
" UTown Residences, North Tower",2021,December,General Waste ,8016,1.305386703,103.7739541
" UTown Residences, North Tower",2022,January,Horticulture Waste ,1125,1.305386703,103.7739541
" UTown Residences, North Tower",2022,January,Food Waste ,0,1.305386703,103.7739541
" UTown Residences, North Tower",2022,January,Packaging Waste ,0,1.305386703,103.7739541
" UTown Residences, North Tower",2022,January,Paper ,0,1.305386703,103.7739541
" UTown Residences, North Tower",2022,January,Metal ,0,1.305386703,103.7739541
" UTown Residences, North Tower",2022,January,Plastics ,0,1.305386703,103.7739541
" UTown Residences, North Tower",2022,January,Glass ,0,1.305386703,103.7739541
" UTown Residences, North Tower",2022,January,E-Waste ,0,1.305386703,103.7739541
" UTown Residences, North Tower",2022,January,General Waste ,8520,1.305386703,103.7739541
" UTown Residences, North Tower",2022,February,Horticulture Waste ,1250,1.305386703,103.7739541
" UTown Residences, North Tower",2022,February,Food Waste ,0,1.305386703,103.7739541
" UTown Residences, North Tower",2022,February,Packaging Waste ,0,1.305386703,103.7739541
" UTown Residences, North Tower",2022,February,Paper ,0,1.305386703,103.7739541
" UTown Residences, North Tower",2022,February,Metal ,0,1.305386703,103.7739541
" UTown Residences, North Tower",2022,February,Plastics ,0,1.305386703,103.7739541
" UTown Residences, North Tower",2022,February,Glass ,0,1.305386703,103.7739541
" UTown Residences, North Tower",2022,February,E-Waste ,0,1.305386703,103.7739541
" UTown Residences, North Tower",2022,February,General Waste ,9250.37037,1.305386703,103.7739541
" UTown Residences, North Tower",2022,March,Horticulture Waste ,1875,1.305386703,103.7739541
" UTown Residences, North Tower",2022,March,Food Waste ,0,1.305386703,103.7739541
" UTown Residences, North Tower",2022,March,Packaging Waste ,0,1.305386703,103.7739541
" UTown Residences, North Tower",2022,March,Paper ,0,1.305386703,103.7739541
" UTown Residences, North Tower",2022,March,Metal ,0,1.305386703,103.7739541
" UTown Residences, North Tower",2022,March,Plastics ,0,1.305386703,103.7739541
" UTown Residences, North Tower",2022,March,Glass ,0,1.305386703,103.7739541
" UTown Residences, North Tower",2022,March,E-Waste ,0,1.305386703,103.7739541
" UTown Residences, North Tower",2022,March,General Waste ,9600,1.305386703,103.7739541
" UTown Residences, South Tower",2021,July,Horticulture Waste ,1353.75,1.305502027,103.7738294
" UTown Residences, South Tower",2021,July,Food Waste ,0,1.305502027,103.7738294
" UTown Residences, South Tower",2021,July,Packaging Waste ,60,1.305502027,103.7738294
" UTown Residences, South Tower",2021,July,Paper ,60,1.305502027,103.7738294
" UTown Residences, South Tower",2021,July,Metal ,0,1.305502027,103.7738294
" UTown Residences, South Tower",2021,July,Plastics ,0,1.305502027,103.7738294
" UTown Residences, South Tower",2021,July,Glass ,0,1.305502027,103.7738294
" UTown Residences, South Tower",2021,July,E-Waste ,0,1.305502027,103.7738294
" UTown Residences, South Tower",2021,July,General Waste ,6410,1.305502027,103.7738294
" UTown Residences, South Tower",2021,August,Horticulture Waste ,1299.6,1.305502027,103.7738294
" UTown Residences, South Tower",2021,August,Food Waste ,0,1.305502027,103.7738294
" UTown Residences, South Tower",2021,August,Packaging Waste ,82,1.305502027,103.7738294
" UTown Residences, South Tower",2021,August,Paper ,82,1.305502027,103.7738294
" UTown Residences, South Tower",2021,August,Metal ,0,1.305502027,103.7738294
" UTown Residences, South Tower",2021,August,Plastics ,0,1.305502027,103.7738294
" UTown Residences, South Tower",2021,August,Glass ,0,1.305502027,103.7738294
" UTown Residences, South Tower",2021,August,E-Waste ,0,1.305502027,103.7738294
" UTown Residences, South Tower",2021,August,General Waste ,9390,1.305502027,103.7738294
" UTown Residences, South Tower",2021,September,Horticulture Waste ,1353.75,1.305502027,103.7738294
" UTown Residences, South Tower",2021,September,Food Waste ,0,1.305502027,103.7738294
" UTown Residences, South Tower",2021,September,Packaging Waste ,127,1.305502027,103.7738294
" UTown Residences, South Tower",2021,September,Paper ,127,1.305502027,103.7738294
" UTown Residences, South Tower",2021,September,Metal ,0,1.305502027,103.7738294
" UTown Residences, South Tower",2021,September,Plastics ,0,1.305502027,103.7738294
" UTown Residences, South Tower",2021,September,Glass ,0,1.305502027,103.7738294
" UTown Residences, South Tower",2021,September,E-Waste ,0,1.305502027,103.7738294
" UTown Residences, South Tower",2021,September,General Waste ,7757,1.305502027,103.7738294
" UTown Residences, South Tower",2021,October,Horticulture Waste ,1407.9,1.305502027,103.7738294
" UTown Residences, South Tower",2021,October,Food Waste ,0,1.305502027,103.7738294
" UTown Residences, South Tower",2021,October,Packaging Waste ,76,1.305502027,103.7738294
" UTown Residences, South Tower",2021,October,Paper ,76,1.305502027,103.7738294
" UTown Residences, South Tower",2021,October,Metal ,0,1.305502027,103.7738294
" UTown Residences, South Tower",2021,October,Plastics ,0,1.305502027,103.7738294
" UTown Residences, South Tower",2021,October,Glass ,0,1.305502027,103.7738294
" UTown Residences, South Tower",2021,October,E-Waste ,0,1.305502027,103.7738294
" UTown Residences, South Tower",2021,October,General Waste ,8090,1.305502027,103.7738294
" UTown Residences, South Tower",2021,November,Horticulture Waste ,1299.6,1.305502027,103.7738294
" UTown Residences, South Tower",2021,November,Food Waste ,0,1.305502027,103.7738294
" UTown Residences, South Tower",2021,November,Packaging Waste ,58,1.305502027,103.7738294
" UTown Residences, South Tower",2021,November,Paper ,58,1.305502027,103.7738294
" UTown Residences, South Tower",2021,November,Metal ,0,1.305502027,103.7738294
" UTown Residences, South Tower",2021,November,Plastics ,0,1.305502027,103.7738294
" UTown Residences, South Tower",2021,November,Glass ,0,1.305502027,103.7738294
" UTown Residences, South Tower",2021,November,E-Waste ,0,1.305502027,103.7738294
" UTown Residences, South Tower",2021,November,General Waste ,7520,1.305502027,103.7738294
" UTown Residences, South Tower",2021,December,Horticulture Waste ,1245.45,1.305502027,103.7738294
" UTown Residences, South Tower",2021,December,Food Waste ,0,1.305502027,103.7738294
" UTown Residences, South Tower",2021,December,Packaging Waste ,46,1.305502027,103.7738294
" UTown Residences, South Tower",2021,December,Paper ,46,1.305502027,103.7738294
" UTown Residences, South Tower",2021,December,Metal ,0,1.305502027,103.7738294
" UTown Residences, South Tower",2021,December,Plastics ,0,1.305502027,103.7738294
" UTown Residences, South Tower",2021,December,Glass ,0,1.305502027,103.7738294
" UTown Residences, South Tower",2021,December,E-Waste ,0,1.305502027,103.7738294
" UTown Residences, South Tower",2021,December,General Waste ,7046,1.305502027,103.7738294
" UTown Residences, South Tower",2022,January,Horticulture Waste ,1125,1.305502027,103.7738294
" UTown Residences, South Tower",2022,January,Food Waste ,0,1.305502027,103.7738294
" UTown Residences, South Tower",2022,January,Packaging Waste ,61,1.305502027,103.7738294
" UTown Residences, South Tower",2022,January,Paper ,61,1.305502027,103.7738294
" UTown Residences, South Tower",2022,January,Metal ,0,1.305502027,103.7738294
" UTown Residences, South Tower",2022,January,Plastics ,0,1.305502027,103.7738294
" UTown Residences, South Tower",2022,January,Glass ,0,1.305502027,103.7738294
" UTown Residences, South Tower",2022,January,E-Waste ,0,1.305502027,103.7738294
" UTown Residences, South Tower",2022,January,General Waste ,7280,1.305502027,103.7738294
" UTown Residences, South Tower",2022,February,Horticulture Waste ,1250,1.305502027,103.7738294
" UTown Residences, South Tower",2022,February,Food Waste ,0,1.305502027,103.7738294
" UTown Residences, South Tower",2022,February,Packaging Waste ,48,1.305502027,103.7738294
" UTown Residences, South Tower",2022,February,Paper ,48,1.305502027,103.7738294
" UTown Residences, South Tower",2022,February,Metal ,0,1.305502027,103.7738294
" UTown Residences, South Tower",2022,February,Plastics ,0,1.305502027,103.7738294
" UTown Residences, South Tower",2022,February,Glass ,0,1.305502027,103.7738294
" UTown Residences, South Tower",2022,February,E-Waste ,0,1.305502027,103.7738294
" UTown Residences, South Tower",2022,February,General Waste ,7156,1.305502027,103.7738294
" UTown Residences, South Tower",2022,March,Horticulture Waste ,1875,1.305502027,103.7738294
" UTown Residences, South Tower",2022,March,Food Waste ,0,1.305502027,103.7738294
" UTown Residences, South Tower",2022,March,Packaging Waste ,88,1.305502027,103.7738294
" UTown Residences, South Tower",2022,March,Paper ,88,1.305502027,103.7738294
" UTown Residences, South Tower",2022,March,Metal ,0,1.305502027,103.7738294
" UTown Residences, South Tower",2022,March,Plastics ,0,1.305502027,103.7738294
" UTown Residences, South Tower",2022,March,Glass ,0,1.305502027,103.7738294
" UTown Residences, South Tower",2022,March,E-Waste ,0,1.305502027,103.7738294
" UTown Residences, South Tower",2022,March,General Waste ,8400,1.305502027,103.7738294
 Yale-NUS College - 12 College Ave West,2021,July,Horticulture Waste ,1353.75,1.307145971,103.7718589
 Yale-NUS College - 12 College Ave West,2021,July,Food Waste ,0,1.307145971,103.7718589
 Yale-NUS College - 12 College Ave West,2021,July,Packaging Waste ,170,1.307145971,103.7718589
 Yale-NUS College - 12 College Ave West,2021,July,Paper ,170,1.307145971,103.7718589
 Yale-NUS College - 12 College Ave West,2021,July,Metal ,0,1.307145971,103.7718589
 Yale-NUS College - 12 College Ave West,2021,July,Plastics ,0,1.307145971,103.7718589
 Yale-NUS College - 12 College Ave West,2021,July,Glass ,0,1.307145971,103.7718589
 Yale-NUS College - 12 College Ave West,2021,July,E-Waste ,0,1.307145971,103.7718589
 Yale-NUS College - 12 College Ave West,2021,July,General Waste ,3810,1.307145971,103.7718589
 Yale-NUS College - 12 College Ave West,2021,August,Horticulture Waste ,1299.6,1.307145971,103.7718589
 Yale-NUS College - 12 College Ave West,2021,August,Food Waste ,1168,1.307145971,103.7718589
 Yale-NUS College - 12 College Ave West,2021,August,Packaging Waste ,639,1.307145971,103.7718589
 Yale-NUS College - 12 College Ave West,2021,August,Paper ,639,1.307145971,103.7718589
 Yale-NUS College - 12 College Ave West,2021,August,Metal ,0,1.307145971,103.7718589
 Yale-NUS College - 12 College Ave West,2021,August,Plastics ,0,1.307145971,103.7718589
 Yale-NUS College - 12 College Ave West,2021,August,Glass ,0,1.307145971,103.7718589
 Yale-NUS College - 12 College Ave West,2021,August,E-Waste ,0,1.307145971,103.7718589
 Yale-NUS College - 12 College Ave West,2021,August,General Waste ,18510,1.307145971,103.7718589
 Yale-NUS College - 12 College Ave West,2021,September,Horticulture Waste ,1353.75,1.307145971,103.7718589
 Yale-NUS College - 12 College Ave West,2021,September,Food Waste ,5354,1.307145971,103.7718589
 Yale-NUS College - 12 College Ave West,2021,September,Packaging Waste ,490,1.307145971,103.7718589
 Yale-NUS College - 12 College Ave West,2021,September,Paper ,490,1.307145971,103.7718589
 Yale-NUS College - 12 College Ave West,2021,September,Metal ,0,1.307145971,103.7718589
 Yale-NUS College - 12 College Ave West,2021,September,Plastics ,0,1.307145971,103.7718589
 Yale-NUS College - 12 College Ave West,2021,September,Glass ,0,1.307145971,103.7718589
 Yale-NUS College - 12 College Ave West,2021,September,E-Waste ,0,1.307145971,103.7718589
 Yale-NUS College - 12 College Ave West,2021,September,General Waste ,13070,1.307145971,103.7718589
 Yale-NUS College - 12 College Ave West,2021,October,Horticulture Waste ,1407.9,1.307145971,103.7718589
 Yale-NUS College - 12 College Ave West,2021,October,Food Waste ,6708,1.307145971,103.7718589
 Yale-NUS College - 12 College Ave West,2021,October,Packaging Waste ,651,1.307145971,103.7718589
 Yale-NUS College - 12 College Ave West,2021,October,Paper ,651,1.307145971,103.7718589
 Yale-NUS College - 12 College Ave West,2021,October,Metal ,0,1.307145971,103.7718589
 Yale-NUS College - 12 College Ave West,2021,October,Plastics ,0,1.307145971,103.7718589
 Yale-NUS College - 12 College Ave West,2021,October,Glass ,0,1.307145971,103.7718589
 Yale-NUS College - 12 College Ave West,2021,October,E-Waste ,0,1.307145971,103.7718589
 Yale-NUS College - 12 College Ave West,2021,October,General Waste ,12290,1.307145971,103.7718589
 Yale-NUS College - 12 College Ave West,2021,November,Horticulture Waste ,1299.6,1.307145971,103.7718589
 Yale-NUS College - 12 College Ave West,2021,November,Food Waste ,7903,1.307145971,103.7718589
 Yale-NUS College - 12 College Ave West,2021,November,Packaging Waste ,566,1.307145971,103.7718589
 Yale-NUS College - 12 College Ave West,2021,November,Paper ,566,1.307145971,103.7718589
 Yale-NUS College - 12 College Ave West,2021,November,Metal ,0,1.307145971,103.7718589
 Yale-NUS College - 12 College Ave West,2021,November,Plastics ,0,1.307145971,103.7718589
 Yale-NUS College - 12 College Ave West,2021,November,Glass ,0,1.307145971,103.7718589
 Yale-NUS College - 12 College Ave West,2021,November,E-Waste ,0,1.307145971,103.7718589
 Yale-NUS College - 12 College Ave West,2021,November,General Waste ,14150,1.307145971,103.7718589
 Yale-NUS College - 12 College Ave West,2021,December,Horticulture Waste ,1245.45,1.307145971,103.7718589
 Yale-NUS College - 12 College Ave West,2021,December,Food Waste ,1990,1.307145971,103.7718589
 Yale-NUS College - 12 College Ave West,2021,December,Packaging Waste ,240,1.307145971,103.7718589
 Yale-NUS College - 12 College Ave West,2021,December,Paper ,240,1.307145971,103.7718589
 Yale-NUS College - 12 College Ave West,2021,December,Metal ,0,1.307145971,103.7718589
 Yale-NUS College - 12 College Ave West,2021,December,Plastics ,0,1.307145971,103.7718589
 Yale-NUS College - 12 College Ave West,2021,December,Glass ,0,1.307145971,103.7718589
 Yale-NUS College - 12 College Ave West,2021,December,E-Waste ,0,1.307145971,103.7718589
 Yale-NUS College - 12 College Ave West,2021,December,General Waste ,6516,1.307145971,103.7718589
 Yale-NUS College - 12 College Ave West,2022,January,Horticulture Waste ,1125,1.307145971,103.7718589
 Yale-NUS College - 12 College Ave West,2022,January,Food Waste ,4099,1.307145971,103.7718589
 Yale-NUS College - 12 College Ave West,2022,January,Packaging Waste ,430,1.307145971,103.7718589
 Yale-NUS College - 12 College Ave West,2022,January,Paper ,430,1.307145971,103.7718589
 Yale-NUS College - 12 College Ave West,2022,January,Metal ,0,1.307145971,103.7718589
 Yale-NUS College - 12 College Ave West,2022,January,Plastics ,0,1.307145971,103.7718589
 Yale-NUS College - 12 College Ave West,2022,January,Glass ,0,1.307145971,103.7718589
 Yale-NUS College - 12 College Ave West,2022,January,E-Waste ,0,1.307145971,103.7718589
 Yale-NUS College - 12 College Ave West,2022,January,General Waste ,12290,1.307145971,103.7718589
 Yale-NUS College - 12 College Ave West,2022,February,Horticulture Waste ,1250,1.307145971,103.7718589
 Yale-NUS College - 12 College Ave West,2022,February,Food Waste ,5011,1.307145971,103.7718589
 Yale-NUS College - 12 College Ave West,2022,February,Packaging Waste ,457,1.307145971,103.7718589
 Yale-NUS College - 12 College Ave West,2022,February,Paper ,363,1.307145971,103.7718589
 Yale-NUS College - 12 College Ave West,2022,February,Metal ,4,1.307145971,103.7718589
 Yale-NUS College - 12 College Ave West,2022,February,Plastics ,6,1.307145971,103.7718589
 Yale-NUS College - 12 College Ave West,2022,February,Glass ,84,1.307145971,103.7718589
 Yale-NUS College - 12 College Ave West,2022,February,E-Waste ,0,1.307145971,103.7718589
 Yale-NUS College - 12 College Ave West,2022,February,General Waste ,11220,1.307145971,103.7718589
 Yale-NUS College - 12 College Ave West,2022,March,Horticulture Waste ,1875,1.307145971,103.7718589
 Yale-NUS College - 12 College Ave West,2022,March,Food Waste ,7241,1.307145971,103.7718589
 Yale-NUS College - 12 College Ave West,2022,March,Packaging Waste ,559,1.307145971,103.7718589
 Yale-NUS College - 12 College Ave West,2022,March,Paper ,559,1.307145971,103.7718589
 Yale-NUS College - 12 College Ave West,2022,March,Metal ,0,1.307145971,103.7718589
 Yale-NUS College - 12 College Ave West,2022,March,Plastics ,0,1.307145971,103.7718589
 Yale-NUS College - 12 College Ave West,2022,March,Glass ,0,1.307145971,103.7718589
 Yale-NUS College - 12 College Ave West,2022,March,E-Waste ,0,1.307145971,103.7718589
 Yale-NUS College - 12 College Ave West,2022,March,General Waste ,13450,1.307145971,103.7718589
 Yale-NUS College - 28 College Ave West,2021,July,Horticulture Waste ,1353.75,1.307049436,103.7718053
 Yale-NUS College - 28 College Ave West,2021,July,Food Waste ,0,1.307049436,103.7718053
 Yale-NUS College - 28 College Ave West,2021,July,Packaging Waste ,0,1.307049436,103.7718053
 Yale-NUS College - 28 College Ave West,2021,July,Paper ,0,1.307049436,103.7718053
 Yale-NUS College - 28 College Ave West,2021,July,Metal ,0,1.307049436,103.7718053
 Yale-NUS College - 28 College Ave West,2021,July,Plastics ,0,1.307049436,103.7718053
 Yale-NUS College - 28 College Ave West,2021,July,Glass ,0,1.307049436,103.7718053
 Yale-NUS College - 28 College Ave West,2021,July,E-Waste ,0,1.307049436,103.7718053
 Yale-NUS College - 28 College Ave West,2021,July,General Waste ,2650,1.307049436,103.7718053
 Yale-NUS College - 28 College Ave West,2021,August,Horticulture Waste ,1299.6,1.307049436,103.7718053
 Yale-NUS College - 28 College Ave West,2021,August,Food Waste ,1014,1.307049436,103.7718053
 Yale-NUS College - 28 College Ave West,2021,August,Packaging Waste ,0,1.307049436,103.7718053
 Yale-NUS College - 28 College Ave West,2021,August,Paper ,0,1.307049436,103.7718053
 Yale-NUS College - 28 College Ave West,2021,August,Metal ,0,1.307049436,103.7718053
 Yale-NUS College - 28 College Ave West,2021,August,Plastics ,0,1.307049436,103.7718053
 Yale-NUS College - 28 College Ave West,2021,August,Glass ,0,1.307049436,103.7718053
 Yale-NUS College - 28 College Ave West,2021,August,E-Waste ,0,1.307049436,103.7718053
 Yale-NUS College - 28 College Ave West,2021,August,General Waste ,8090,1.307049436,103.7718053
 Yale-NUS College - 28 College Ave West,2021,September,Horticulture Waste ,1353.75,1.307049436,103.7718053
 Yale-NUS College - 28 College Ave West,2021,September,Food Waste ,2980,1.307049436,103.7718053
 Yale-NUS College - 28 College Ave West,2021,September,Packaging Waste ,0,1.307049436,103.7718053
 Yale-NUS College - 28 College Ave West,2021,September,Paper ,0,1.307049436,103.7718053
 Yale-NUS College - 28 College Ave West,2021,September,Metal ,0,1.307049436,103.7718053
 Yale-NUS College - 28 College Ave West,2021,September,Plastics ,0,1.307049436,103.7718053
 Yale-NUS College - 28 College Ave West,2021,September,Glass ,0,1.307049436,103.7718053
 Yale-NUS College - 28 College Ave West,2021,September,E-Waste ,0,1.307049436,103.7718053
 Yale-NUS College - 28 College Ave West,2021,September,General Waste ,5499,1.307049436,103.7718053
 Yale-NUS College - 28 College Ave West,2021,October,Horticulture Waste ,1407.9,1.307049436,103.7718053
 Yale-NUS College - 28 College Ave West,2021,October,Food Waste ,3536,1.307049436,103.7718053
 Yale-NUS College - 28 College Ave West,2021,October,Packaging Waste ,0,1.307049436,103.7718053
 Yale-NUS College - 28 College Ave West,2021,October,Paper ,0,1.307049436,103.7718053
 Yale-NUS College - 28 College Ave West,2021,October,Metal ,0,1.307049436,103.7718053
 Yale-NUS College - 28 College Ave West,2021,October,Plastics ,0,1.307049436,103.7718053
 Yale-NUS College - 28 College Ave West,2021,October,Glass ,0,1.307049436,103.7718053
 Yale-NUS College - 28 College Ave West,2021,October,E-Waste ,0,1.307049436,103.7718053
 Yale-NUS College - 28 College Ave West,2021,October,General Waste ,6750,1.307049436,103.7718053
 Yale-NUS College - 28 College Ave West,2021,November,Horticulture Waste ,1299.6,1.307049436,103.7718053
 Yale-NUS College - 28 College Ave West,2021,November,Food Waste ,4378,1.307049436,103.7718053
 Yale-NUS College - 28 College Ave West,2021,November,Packaging Waste ,0,1.307049436,103.7718053
 Yale-NUS College - 28 College Ave West,2021,November,Paper ,0,1.307049436,103.7718053
 Yale-NUS College - 28 College Ave West,2021,November,Metal ,0,1.307049436,103.7718053
 Yale-NUS College - 28 College Ave West,2021,November,Plastics ,0,1.307049436,103.7718053
 Yale-NUS College - 28 College Ave West,2021,November,Glass ,0,1.307049436,103.7718053
 Yale-NUS College - 28 College Ave West,2021,November,E-Waste ,0,1.307049436,103.7718053
 Yale-NUS College - 28 College Ave West,2021,November,General Waste ,6570,1.307049436,103.7718053
 Yale-NUS College - 28 College Ave West,2021,December,Horticulture Waste ,1245.45,1.307049436,103.7718053
 Yale-NUS College - 28 College Ave West,2021,December,Food Waste ,886,1.307049436,103.7718053
 Yale-NUS College - 28 College Ave West,2021,December,Packaging Waste ,0,1.307049436,103.7718053
 Yale-NUS College - 28 College Ave West,2021,December,Paper ,0,1.307049436,103.7718053
 Yale-NUS College - 28 College Ave West,2021,December,Metal ,0,1.307049436,103.7718053
 Yale-NUS College - 28 College Ave West,2021,December,Plastics ,0,1.307049436,103.7718053
 Yale-NUS College - 28 College Ave West,2021,December,Glass ,0,1.307049436,103.7718053
 Yale-NUS College - 28 College Ave West,2021,December,E-Waste ,0,1.307049436,103.7718053
 Yale-NUS College - 28 College Ave West,2021,December,General Waste ,1656,1.307049436,103.7718053
 Yale-NUS College - 28 College Ave West,2022,January,Horticulture Waste ,1125,1.307049436,103.7718053
 Yale-NUS College - 28 College Ave West,2022,January,Food Waste ,3594,1.307049436,103.7718053
 Yale-NUS College - 28 College Ave West,2022,January,Packaging Waste ,0,1.307049436,103.7718053
 Yale-NUS College - 28 College Ave West,2022,January,Paper ,0,1.307049436,103.7718053
 Yale-NUS College - 28 College Ave West,2022,January,Metal ,0,1.307049436,103.7718053
 Yale-NUS College - 28 College Ave West,2022,January,Plastics ,0,1.307049436,103.7718053
 Yale-NUS College - 28 College Ave West,2022,January,Glass ,0,1.307049436,103.7718053
 Yale-NUS College - 28 College Ave West,2022,January,E-Waste ,0,1.307049436,103.7718053
 Yale-NUS College - 28 College Ave West,2022,January,General Waste ,3820,1.307049436,103.7718053
 Yale-NUS College - 28 College Ave West,2022,February,Horticulture Waste ,1250,1.307049436,103.7718053
 Yale-NUS College - 28 College Ave West,2022,February,Food Waste ,3556,1.307049436,103.7718053
 Yale-NUS College - 28 College Ave West,2022,February,Packaging Waste ,0,1.307049436,103.7718053
 Yale-NUS College - 28 College Ave West,2022,February,Paper ,0,1.307049436,103.7718053
 Yale-NUS College - 28 College Ave West,2022,February,Metal ,0,1.307049436,103.7718053
 Yale-NUS College - 28 College Ave West,2022,February,Plastics ,0,1.307049436,103.7718053
 Yale-NUS College - 28 College Ave West,2022,February,Glass ,0,1.307049436,103.7718053
 Yale-NUS College - 28 College Ave West,2022,February,E-Waste ,0,1.307049436,103.7718053
 Yale-NUS College - 28 College Ave West,2022,February,General Waste ,5720,1.307049436,103.7718053
 Yale-NUS College - 28 College Ave West,2022,March,Horticulture Waste ,1875,1.307049436,103.7718053
 Yale-NUS College - 28 College Ave West,2022,March,Food Waste ,5129,1.307049436,103.7718053
 Yale-NUS College - 28 College Ave West,2022,March,Packaging Waste ,0,1.307049436,103.7718053
 Yale-NUS College - 28 College Ave West,2022,March,Paper ,0,1.307049436,103.7718053
 Yale-NUS College - 28 College Ave West,2022,March,Metal ,0,1.307049436,103.7718053
 Yale-NUS College - 28 College Ave West,2022,March,Plastics ,0,1.307049436,103.7718053
 Yale-NUS College - 28 College Ave West,2022,March,Glass ,0,1.307049436,103.7718053
 Yale-NUS College - 28 College Ave West,2022,March,E-Waste ,0,1.307049436,103.7718053
 Yale-NUS College - 28 College Ave West,2022,March,General Waste ,4800,1.307049436,103.7718053
