﻿binCenterName,extractedWeight,manualWeight,rfidWeight,collectionTime,latitude,longitude,selectedSession,selectedReportingType,image
NUS - Use for Reference Weight,160,,160,2023-10-23T08:30:00,1.2966,103.7764,Morning,Reference,static/images/image1.jpg
UTown Residence,370,,370,2023-10-23T09:00:00,1.305386703,103.7739541,Morning,Normal,static/images/image2.jpg
Cinnamon College,1940,,1940,2023-10-23T09:30:00,1.306862386,103.7735698,Morning,Normal,static/images/image3.jpg
College of Alice & Peter Tan (CAPT),1310,,1310,2023-10-23T10:00:00,1.308133476,103.7732636,Morning,Normal,static/images/image4.jpg
Residential College 4,160,,160,2023-10-23T10:30:00,1.308426241,103.7734396,Morning,Normal,static/images/image5.jpg
Yale-NUS College,160,,160,2023-10-23T11:00:00,1.307070889,103.7718589,Morning,Normal,static/images/image6.jpg
NUS - Use for Reference Weight,610,,160,2023-10-24T14:00:00,1.2966,103.7764,Afternoon,Reference,static/images/image1.jpg
UTown Residence,60,,160,2023-10-24T14:30:00,1.305386703,103.7739541,Afternoon,Normal,static/images/image8.jpg
Cinnamon College,370,,60,2023-10-24T15:00:00,1.306862386,103.7735698,Afternoon,Normal,static/images/image9.jpg
College of Alice & Peter Tan (CAPT),140,,370,2023-10-24T15:30:00,1.308133476,103.7732636,Afternoon,Normal,static/images/image10.jpg
Residential College 4,310,1310,1940,2023-10-24T16:00:00,1.308426241,103.7734396,Afternoon,Normal,static/images/image11.jpg
Yale-NUS College,160,,1310,2023-10-24T16:30:00,1.307070889,103.7718589,Afternoon,Normal,static/images/image1.jpg
NUS - Use for Reference Weight,160,,160,2023-10-25T11:00:00,1.2966,103.7764,Morning,Reference,static/images/image1.jpg
UTown Residence,160,,,2023-10-25T11:30:00,1.305386703,103.7739541,Morning,Normal,static/images/image3.jpg
Cinnamon College,234,,,2023-10-25T12:00:00,1.306862386,103.7735698,Morning,Normal,static/images/image4.jpg
College of Alice & Peter Tan (CAPT),213,,234,2023-10-25T12:30:00,1.308133476,103.7732636,Morning,Normal,static/images/image5.jpg
Residential College 4,100,1310,,2023-10-25T13:00:00,1.308426241,103.7734396,Morning,Normal,static/images/image6.jpg
Yale-NUS College,132,,,2023-10-25T13:30:00,1.307070889,103.7718589,Morning,Normal,static/images/image7.jpg
NUS - Use for Reference Weight,160,,160,2023-10-26T17:00:00,1.2966,103.7764,Evening,Reference,static/images/image1.jpg
UTown Residence,954,,,2023-10-26T17:30:00,1.305386703,103.7739541,Evening,Normal,static/images/image9.jpg
Cinnamon College,585,,,2023-10-26T18:00:00,1.306862386,103.7735698,Evening,Normal,static/images/image10.jpg
Yale-NUS College,1035,,,2023-10-26T18:34:02,1.307070889,103.7718589,Evening,Normal,static/images/image2.jpg
College of Alice & Peter Tan (CAPT),505,,534,2023-10-26T18:45:00,1.308133476,103.7732636,Evening,Normal,static/images/image11.jpg
Residential College 4,690,,,2023-10-26T19:30:01,1.308426241,103.7734396,Evening,Normal,static/images/image1.jpg
NUS - Use for Reference Weight,160,,160,2023-10-27T08:30:00,1.2966,103.7764,Morning,Reference,static/images/image1.jpg
UTown Residence,189,310,,2023-10-27T09:00:00,1.305386703,103.7739541,Morning,Normal,static/images/image4.jpg
Cinnamon College,1160,,1160,2023-10-27T09:30:00,1.306862386,103.7735698,Morning,Normal,static/images/image5.jpg
College of Alice & Peter Tan (CAPT),238,,1160,2023-10-27T10:00:00,1.308133476,103.7732636,Morning,Normal,static/images/image6.jpg
Residential College 4,1084,,1160,2023-10-27T10:30:00,1.308426241,103.7734396,Morning,Normal,static/images/image7.jpg
Yale-NUS College,8979,,1160,2023-10-27T10:35:01,1.307070889,103.7718589,Morning,Normal,static/images/image8.jpg
NUS - Use for Reference Weight,160,,160,2023-11-01T08:00:00,1.2966,103.7764,Morning,Reference,static/images/image1.jpg
UTown Residence,417,1310,,2023-11-01T08:30:00,1.305386703,103.7739541,Morning,Normal,static/images/image10.jpg
Cinnamon College,1228,,1228,2023-11-01T09:00:00,1.306862386,103.7735698,Morning,Normal,static/images/image11.jpg
College of Alice & Peter Tan (CAPT),304,310,352,2023-11-01T09:30:00,1.308133476,103.7732636,Morning,Normal,static/images/image1.jpg
Residential College 4,352,,359,2023-11-01T10:00:00,1.308426241,103.7734396,Morning,Normal,static/images/image2.jpg
Yale-NUS College,359,,,2023-11-01T10:30:00,1.307070889,103.7718589,Morning,Normal,static/images/image3.jpg
UTown Residence,1094,,,2023-11-02T14:00:00,1.305386703,103.7739541,Afternoon,Normal,static/images/image5.jpg
NUS - Use for Reference Weight,160,,160,2023-11-02T14:00:01,1.2966,103.7764,Afternoon,Reference,static/images/image1.jpg
Cinnamon College,727,,727,2023-11-02T14:30:00,1.306862386,103.7735698,Afternoon,Normal,static/images/image6.jpg
College of Alice & Peter Tan (CAPT),606,1310,,2023-11-02T15:00:00,1.308133476,103.7732636,Afternoon,Normal,static/images/image7.jpg
Residential College 4,1182,,1182,2023-11-02T15:30:00,1.308426241,103.7734396,Afternoon,Normal,static/images/image8.jpg
Yale-NUS College,598,,,2023-11-02T16:00:00,1.307070889,103.7718589,Afternoon,Normal,static/images/image9.jpg
NUS - Use for Reference Weight,160,,160,2023-11-03T11:00:00,1.2966,103.7764,Morning,Reference,static/images/image1.jpg
UTown Residence,1160,,,2023-11-03T11:30:00,1.305386703,103.7739541,Morning,Normal,static/images/image11.jpg
Cinnamon College,253,310,,2023-11-03T12:00:00,1.306862386,103.7735698,Morning,Normal,static/images/image1.jpg
College of Alice & Peter Tan (CAPT),605,,605,2023-11-03T12:30:00,1.308133476,103.7732636,Morning,Normal,static/images/image2.jpg
Residential College 4,473,,,2023-11-03T13:00:00,1.308426241,103.7734396,Morning,Normal,static/images/image3.jpg
Yale-NUS College,1169,,1169,2023-11-03T13:30:00,1.307070889,103.7718589,Morning,Normal,static/images/image4.jpg
NUS - Use for Reference Weight,160,1310,160,2023-11-04T17:00:00,1.2966,103.7764,Evening,Reference,static/images/image1.jpg
UTown Residence,655,,,2023-11-04T17:30:00,1.305386703,103.7739541,Evening,Normal,static/images/image6.jpg
Cinnamon College,1149,,,2023-11-04T18:00:00,1.306862386,103.7735698,Evening,Normal,static/images/image7.jpg
Yale-NUS College,1289,,,2023-11-04T18:34:00,1.307070889,103.7718589,Evening,Normal,static/images/image10.jpg
College of Alice & Peter Tan (CAPT),454,,454,2023-11-04T18:45:00,1.308133476,103.7732636,Evening,Normal,static/images/image8.jpg
Residential College 4,595,224,,2023-11-04T19:30:00,1.308426241,103.7734396,Evening,Normal,static/images/image9.jpg
NUS - Use for Reference Weight,160,,160,2023-11-05T08:00:00,1.2966,103.7764,Morning,Reference,static/images/image1.jpg
UTown Residence,733,,,2023-11-05T08:30:00,1.305386703,103.7739541,Morning,Normal,static/images/image1.jpg
Cinnamon College,358,,358,2023-11-05T09:00:00,1.306862386,103.7735698,Morning,Normal,static/images/image2.jpg
College of Alice & Peter Tan (CAPT),167,,167,2023-11-05T09:30:00,1.308133476,103.7732636,Morning,Normal,static/images/image3.jpg
Residential College 4,467,453,,2023-11-05T10:00:00,1.308426241,103.7734396,Morning,Normal,static/images/image4.jpg
Yale-NUS College,869,,467,2023-11-05T10:00:01,1.307070889,103.7718589,Morning,Normal,static/images/image5.jpg
NUS - Use for Reference Weight,160,,160,2023-11-06T08:00:00,1.2966,103.7764,Morning,Reference,static/images/image1.jpg
UTown Residence,920,,,2023-11-06T08:30:00,1.305386703,103.7739541,Morning,Normal,static/images/image7.jpg
Cinnamon College,9084,,984,2023-11-06T09:00:00,1.306862386,103.7735698,Morning,Normal,static/images/image8.jpg
College of Alice & Peter Tan (CAPT),1000,,1000,2023-11-06T09:30:00,1.308133476,103.7732636,Morning,Normal,static/images/image9.jpg
Residential College 4,930,,,2023-11-06T10:00:00,1.308426241,103.7734396,Morning,Normal,static/images/image10.jpg
Yale-NUS College,707,,,2023-11-06T10:30:00,1.307070889,103.7718589,Morning,Normal,static/images/image11.jpg
NUS - Use for Reference Weight,160,,160,2023-11-07T14:00:00,1.2966,103.7764,Afternoon,Reference,static/images/image1.jpg
UTown Residence,255,,,2023-11-07T14:30:00,1.305386703,103.7739541,Afternoon,Normal,static/images/image2.jpg
Cinnamon College,194,234,,2023-11-07T15:00:00,1.306862386,103.7735698,Afternoon,Normal,static/images/image3.jpg
College of Alice & Peter Tan (CAPT),1294,,,2023-11-07T15:30:00,1.308133476,103.7732636,Afternoon,Normal,static/images/image4.jpg
Residential College 4,67777,,1294,2023-11-07T16:00:00,1.308426241,103.7734396,Afternoon,Normal,static/images/image5.jpg
Yale-NUS College,812,,,2023-11-07T16:30:00,1.307070889,103.7718589,Afternoon,Normal,static/images/image6.jpg
NUS - Use for Reference Weight,160,,160,2023-11-08T11:00:00,1.2966,103.7764,Morning,Reference,static/images/image1.jpg
UTown Residence,1078,,847,2023-11-08T11:30:00,1.305386703,103.7739541,Morning,Normal,static/images/image8.jpg
Cinnamon College,874,,847,2023-11-08T12:00:00,1.306862386,103.7735698,Morning,Normal,static/images/image9.jpg
College of Alice & Peter Tan (CAPT),708,,847,2023-11-08T12:30:00,1.308133476,103.7732636,Morning,Normal,static/images/image10.jpg
Residential College 4,549,,847,2023-11-08T13:00:00,1.308426241,103.7734396,Morning,Normal,static/images/image11.jpg
Yale-NUS College,9367,,847,2023-11-08T13:30:00,1.307070889,103.7718589,Morning,Normal,static/images/image1.jpg
NUS - Use for Reference Weight,160,,160,2023-11-09T17:00:00,1.2966,103.7764,Evening,Reference,static/images/image1.jpg
UTown Residence,268,,,2023-11-09T17:30:00,1.305386703,103.7739541,Evening,Normal,static/images/image3.jpg
Cinnamon College,1013,,268,2023-11-09T18:00:00,1.306862386,103.7735698,Evening,Normal,static/images/image4.jpg
Yale-NUS College,492,,,2023-11-09T18:34:00,1.307070889,103.7718589,Evening,Normal,static/images/image7.jpg
College of Alice & Peter Tan (CAPT),920,423,920,2023-11-09T18:45:00,1.308133476,103.7732636,Evening,Normal,static/images/image5.jpg
Residential College 4,795,,1013,2023-11-09T19:30:00,1.308426241,103.7734396,Evening,Normal,static/images/image6.jpg
NUS - Use for Reference Weight,160,,160,2023-11-10T08:00:00,1.2966,103.7764,Morning,Reference,static/images/image1.jpg
UTown Residence,7467,,,2023-11-10T08:30:00,1.305386703,103.7739541,Morning,Normal,static/images/image9.jpg
Cinnamon College,564,,564,2023-11-10T09:00:00,1.306862386,103.7735698,Morning,Normal,static/images/image10.jpg
College of Alice & Peter Tan (CAPT),283,,747,2023-11-10T09:30:00,1.308133476,103.7732636,Morning,Normal,static/images/image11.jpg
Residential College 4,1149,444,1149,2023-11-10T10:00:00,1.308426241,103.7734396,Morning,Normal,static/images/image1.jpg
Yale-NUS College,674,,,2023-11-10T10:00:01,1.307070889,103.7718589,Morning,Normal,static/images/image2.jpg
NUS - Use for Reference Weight,160,,160,2023-11-11T08:00:00,1.2966,103.7764,Morning,Reference,static/images/image1.jpg
UTown Residence,421,,,2023-11-11T08:30:00,1.305386703,103.7739541,Morning,Normal,static/images/image4.jpg
Cinnamon College,722,,421,2023-11-11T09:00:00,1.306862386,103.7735698,Morning,Normal,static/images/image5.jpg
College of Alice & Peter Tan (CAPT),1204,,722,2023-11-11T09:30:00,1.308133476,103.7732636,Morning,Normal,static/images/image6.jpg
Residential College 4,551,,1204,2023-11-11T10:00:00,1.308426241,103.7734396,Morning,Normal,static/images/image7.jpg
Yale-NUS College,842,555,,2023-11-11T10:30:00,1.307070889,103.7718589,Morning,Normal,static/images/image8.jpg
NUS - Use for Reference Weight,160,,160,2023-11-12T14:00:00,1.2966,103.7764,Afternoon,Reference,static/images/image1.jpg
UTown Residence,1282,,,2023-11-12T14:30:00,1.305386703,103.7739541,Afternoon,Normal,static/images/image10.jpg
Cinnamon College,-230,,1282,2023-11-12T15:00:00,1.306862386,103.7735698,Afternoon,Normal,static/images/image11.jpg
College of Alice & Peter Tan (CAPT),1131,444,1131,2023-11-12T15:30:00,1.308133476,103.7732636,Afternoon,Normal,static/images/image1.jpg
Residential College 4,591,,591,2023-11-12T16:00:00,1.308426241,103.7734396,Afternoon,Normal,static/images/image2.jpg
Yale-NUS College,310,,,2023-11-12T16:30:00,1.307070889,103.7718589,Afternoon,Normal,static/images/image3.jpg
NUS - Use for Reference Weight,160,,160,2023-11-13T11:00:00,1.2966,103.7764,Morning,Reference,static/images/image1.jpg
UTown Residence,986,,,2023-11-13T11:30:00,1.305386703,103.7739541,Morning,Normal,static/images/image5.jpg
Cinnamon College,939,,986,2023-11-13T12:00:00,1.306862386,103.7735698,Morning,Normal,static/images/image6.jpg
College of Alice & Peter Tan (CAPT),1142,,1142,2023-11-13T12:30:00,1.308133476,103.7732636,Morning,Normal,static/images/image7.jpg
Residential College 4,1010,123,1010,2023-11-13T13:00:00,1.308426241,103.7734396,Morning,Normal,static/images/image8.jpg
Yale-NUS College,532,,532,2023-11-13T13:30:00,1.307070889,103.7718589,Morning,Normal,static/images/image9.jpg
NUS - Use for Reference Weight,160,,160,2023-11-14T17:00:00,1.2966,103.7764,Evening,Reference,static/images/image1.jpg
UTown Residence,367,,645,2023-11-14T17:30:00,1.305386703,103.7739541,Evening,Normal,static/images/image11.jpg
Cinnamon College,287,,287,2023-11-14T18:00:00,1.306862386,103.7735698,Evening,Normal,static/images/image1.jpg
Yale-NUS College,645,,,2023-11-14T18:34:00,1.307070889,103.7718589,Evening,Normal,static/images/image4.jpg
College of Alice & Peter Tan (CAPT),1002,789,1002,2023-11-14T18:45:00,1.308133476,103.7732636,Evening,Normal,static/images/image2.jpg
Residential College 4,184,,184,2023-11-14T19:30:00,1.308426241,103.7734396,Evening,Normal,static/images/image3.jpg
NUS - Use for Reference Weight,160,,160,2023-11-15T08:00:00,1.2966,103.7764,Morning,Reference,static/images/image1.jpg
UTown Residence,640,,,2023-11-15T08:00:01,1.305386703,103.7739541,Morning,Normal,static/images/image6.jpg
Cinnamon College,1216,,1216,2023-11-15T08:00:02,1.306862386,103.7735698,Morning,Normal,static/images/image7.jpg
College of Alice & Peter Tan (CAPT),343,,998,2023-11-15T08:00:03,1.308133476,103.7732636,Morning,Normal,static/images/image8.jpg
Residential College 4,998,789,,2023-11-15T08:00:04,1.308426241,103.7734396,Morning,Normal,static/images/image9.jpg
Yale-NUS College,165,,165,2023-11-15T08:00:05,1.307070889,103.7718589,Morning,Normal,static/images/image10.jpg
NUS - Use for Reference Weight,160,,160,2023-10-28T08:30:00,1.2966,103.7764,Morning,Reference,static/images/image1.jpg
UTown Residence,255,,,2023-10-28T09:00:00,1.305386703,103.7739541,Morning,Normal,static/images/image4.jpg
Cinnamon College,194,234,,2023-10-28T09:30:00,1.306862386,103.7735698,Morning,Normal,static/images/image5.jpg
College of Alice & Peter Tan (CAPT),1294,,,2023-10-28T10:00:00,1.308133476,103.7732636,Morning,Normal,static/images/image6.jpg
Residential College 4,67777,,1294,2023-10-28T10:30:00,1.308426241,103.7734396,Morning,Normal,static/images/image7.jpg
Yale-NUS College,812,,,2023-10-28T10:35:01,1.307070889,103.7718589,Morning,Normal,static/images/image8.jpg
NUS - Use for Reference Weight,160,,160,2023-10-29T08:30:00,,,Morning,Reference,static/images/image1.jpg
UTown Residence,1078,,847,2023-10-29T08:30:01,,,Morning,Normal,static/images/image5.jpg
Cinnamon College,874,,847,2023-10-29T08:30:02,,,Morning,Normal,static/images/image6.jpg
College of Alice & Peter Tan (CAPT),708,,847,2023-10-29T08:30:03,,,Morning,Normal,static/images/image7.jpg
Residential College 4,549,,847,2023-10-29T08:30:04,,,Morning,Normal,static/images/image8.jpg
Yale-NUS College,9367,,847,2023-10-29T08:30:05,,,Morning,Normal,static/images/image9.jpg
NUS - Use for Reference Weight,160,,160,2023-10-30T08:30:00,,,Morning,Reference,static/images/image1.jpg
UTown Residence,160,,160,2023-10-30T08:30:01,,,Morning,Normal,static/images/image5.jpg
Cinnamon College,1282,,,2023-10-30T08:30:02,,,Morning,Normal,static/images/image6.jpg
College of Alice & Peter Tan (CAPT),-230,,1282,2023-10-30T08:30:03,,,Morning,Normal,static/images/image7.jpg
Residential College 4,1131,444,1131,2023-10-30T08:30:04,,,Morning,Normal,static/images/image8.jpg
Yale-NUS College,591,,591,2023-10-30T08:30:05,,,Morning,Normal,static/images/image9.jpg
NUS - Use for Reference Weight,310,,,2023-10-31T08:30:05,,,Morning,Reference,static/images/image1.jpg
UTown Residence,160,,160,2023-10-31T08:30:06,,,Morning,Normal,static/images/image5.jpg
Cinnamon College,255,,160,2023-10-31T08:30:07,,,Morning,Normal,static/images/image6.jpg
College of Alice & Peter Tan (CAPT),194,234,,2023-10-31T08:30:08,,,Morning,Normal,static/images/image7.jpg
Residential College 4,1294,,,2023-10-31T08:30:09,,,Morning,Normal,static/images/image8.jpg
Yale-NUS College,67777,,1294,2023-10-31T08:30:10,,,Morning,Normal,static/images/image9.jpg
